{
  "steps": 50,
  "total_vfe": 192.36645483970642,
  "total_efe": 567.7558498382568,
  "done": false,
  "observations": [
    [
      0.04488866776227951,
      -0.053444478660821915
    ],
    [
      0.09631739556789398,
      -0.05904488265514374
    ],
    [
      0.10617802292108536,
      -0.03403976559638977
    ],
    [
      0.008896427229046822,
      0.2058413177728653
    ],
    [
      -0.00016466155648231506,
      0.2539987564086914
    ],
    [
      0.08762508630752563,
      0.49772417545318604
    ],
    [
      0.0723971277475357,
      0.5454567074775696
    ],
    [
      0.2598404288291931,
      0.6382402181625366
    ],
    [
      0.11840948462486267,
      0.5975480079650879
    ],
    [
      0.23199014365673065,
      0.48657000064849854
    ],
    [
      0.2085161805152893,
      0.7146704792976379
    ],
    [
      0.2732512354850769,
      0.6139786839485168
    ],
    [
      0.10407613217830658,
      0.6577342748641968
    ],
    [
      0.20325706899166107,
      0.6320547461509705
    ],
    [
      0.021368706598877907,
      0.7187692523002625
    ],
    [
      -0.03610328957438469,
      0.8219311833381653
    ],
    [
      0.06156640499830246,
      1.0098457336425781
    ],
    [
      0.1583869457244873,
      1.1703829765319824
    ],
    [
      0.35787972807884216,
      1.47950279712677
    ],
    [
      0.3235674798488617,
      1.3399428129196167
    ],
    [
      0.18985986709594727,
      1.2046688795089722
    ],
    [
      0.24414607882499695,
      1.5173578262329102
    ],
    [
      -0.008693799376487732,
      1.655188798904419
    ],
    [
      0.2657196819782257,
      1.7910561561584473
    ],
    [
      0.26388493180274963,
      1.9973224401474
    ],
    [
      0.29320672154426575,
      1.9379298686981201
    ],
    [
      0.3299782872200012,
      2.1444008350372314
    ],
    [
      0.24470928311347961,
      2.3650104999542236
    ],
    [
      0.4200563132762909,
      2.6475183963775635
    ],
    [
      0.16433008015155792,
      2.631294012069702
    ],
    [
      0.4633747637271881,
      2.8909599781036377
    ],
    [
      0.3202837109565735,
      2.9238574504852295
    ],
    [
      0.44250431656837463,
      3.1281638145446777
    ],
    [
      0.10850487649440765,
      3.3355443477630615
    ],
    [
      0.3962380588054657,
      3.391998529434204
    ],
    [
      0.48425090312957764,
      4.01658296585083
    ],
    [
      0.5132381916046143,
      3.8952081203460693
    ],
    [
      0.6514450907707214,
      3.9433059692382812
    ],
    [
      0.68000328540802,
      4.2488508224487305
    ],
    [
      0.7861144542694092,
      4.677092552185059
    ],
    [
      0.48454076051712036,
      4.28141450881958
    ],
    [
      0.41723838448524475,
      4.790042877197266
    ],
    [
      0.4418455958366394,
      5.0664544105529785
    ],
    [
      0.605833888053894,
      5.05287504196167
    ],
    [
      0.38374418020248413,
      5.29170036315918
    ],
    [
      0.7014796733856201,
      5.420516014099121
    ],
    [
      0.4392106831073761,
      5.711452007293701
    ],
    [
      0.6885939836502075,
      6.05794620513916
    ],
    [
      0.7289362549781799,
      6.093085765838623
    ],
    [
      0.7781912684440613,
      6.209901809692383
    ]
  ],
  "actions": [
    [
      -0.3443448841571808,
      -0.12341706454753876
    ],
    [
      0.7500134706497192,
      0.5920945405960083
    ],
    [
      -0.5884345173835754,
      0.3189523220062256
    ],
    [
      -1.2550311088562012,
      1.211780309677124
    ],
    [
      -0.6438384652137756,
      1.3470722436904907
    ],
    [
      0.737991213798523,
      1.8869882822036743
    ],
    [
      0.9037801027297974,
      2.0007107257843018
    ],
    [
      0.2815244495868683,
      -1.0747708082199097
    ],
    [
      -0.07240604609251022,
      1.013175129890442
    ],
    [
      0.349402517080307,
      -0.030871182680130005
    ],
    [
      0.8992577195167542,
      -0.20167207717895508
    ],
    [
      -0.7589665055274963,
      1.6290161609649658
    ],
    [
      -0.9908089637756348,
      -0.43059873580932617
    ],
    [
      0.3864990770816803,
      -0.8957602381706238
    ],
    [
      -0.9542069435119629,
      0.5553244352340698
    ],
    [
      -0.41133183240890503,
      1.876218318939209
    ],
    [
      0.16731135547161102,
      1.910881757736206
    ],
    [
      -0.2033586949110031,
      1.1980571746826172
    ],
    [
      1.3795474767684937,
      1.4338231086730957
    ],
    [
      1.4663162231445312,
      -0.0905800461769104
    ],
    [
      0.3172954320907593,
      -1.1258946657180786
    ],
    [
      -0.8885442018508911,
      1.7176871299743652
    ],
    [
      -0.5106989145278931,
      1.6085247993469238
    ],
    [
      0.8428056240081787,
      2.268828868865967
    ],
    [
      0.49197685718536377,
      2.294682025909424
    ],
    [
      1.7244797945022583,
      -0.19595551490783691
    ],
    [
      -0.6085602045059204,
      1.367211937904358
    ],
    [
      -0.9785467982292175,
      1.0669949054718018
    ],
    [
      -0.40923401713371277,
      3.473081111907959
    ],
    [
      0.6551436185836792,
      0.6102797985076904
    ],
    [
      0.03718838095664978,
      1.466700792312622
    ],
    [
      0.695518434047699,
      1.3506617546081543
    ],
    [
      -1.223251223564148,
      2.321535587310791
    ],
    [
      0.6104272603988647,
      2.3056230545043945
    ],
    [
      0.17004919052124023,
      1.38275146484375
    ],
    [
      1.146643877029419,
      3.162444591522217
    ],
    [
      0.951803982257843,
      1.5755860805511475
    ],
    [
      0.6757417321205139,
      1.1754237413406372
    ],
    [
      -0.7484265565872192,
      2.331908702850342
    ],
    [
      1.1343709230422974,
      1.8031255006790161
    ],
    [
      -1.8704605102539062,
      0.8191242814064026
    ],
    [
      -0.3395025134086609,
      3.223083019256592
    ],
    [
      -0.2744738757610321,
      1.1864749193191528
    ],
    [
      1.9832537174224854,
      1.4701619148254395
    ],
    [
      -1.1198334693908691,
      1.1641027927398682
    ],
    [
      -0.12663120031356812,
      1.6682690382003784
    ],
    [
      -0.6666241884231567,
      2.318056344985962
    ],
    [
      1.4880058765411377,
      2.4934237003326416
    ],
    [
      1.1607863903045654,
      2.149106502532959
    ],
    [
      1.4312820434570312,
      1.9256114959716797
    ]
  ],