{
  "steps": 50,
  "total_vfe": 95.41177675873041,
  "total_efe": 567.9147329330444,
  "done": false,
  "observations": [
    [
      0.5273945331573486,
      -0.4652760326862335
    ],
    [
      0.19939373433589935,
      -0.5985406041145325
    ],
    [
      0.24266716837882996,
      -0.7262471318244934
    ],
    [
      0.29381701350212097,
      -0.779275119304657
    ],
    [
      0.33840933442115784,
      -0.7348688244819641
    ],
    [
      0.42037326097488403,
      -0.7481503486633301
    ],
    [
      0.403891921043396,
      -0.9113155007362366
    ],
    [
      0.4889504313468933,
      -0.840910792350769
    ],
    [
      0.5944482684135437,
      -0.9763085842132568
    ],
    [
      0.5939837694168091,
      -0.8626013398170471
    ],
    [
      0.6373603343963623,
      -0.7929921746253967
    ],
    [
      0.41923946142196655,
      -0.663171112537384
    ],
    [
      0.6846649646759033,
      -0.4707992374897003
    ],
    [
      0.41462841629981995,
      -0.3437543511390686
    ],
    [
      0.22112324833869934,
      -0.32708099484443665
    ],
    [
      0.3011764883995056,
      -0.3624555468559265
    ],
    [
      0.5987569093704224,
      -0.1372368484735489
    ],
    [
      0.4855799674987793,
      -0.17966300249099731
    ],
    [
      0.7249156832695007,
      -0.14818599820137024
    ],
    [
      0.8443954586982727,
      0.03370179235935211
    ],
    [
      0.3431033492088318,
      0.1115533858537674
    ],
    [
      0.6652154922485352,
      0.47446852922439575
    ],
    [
      0.63785320520401,
      0.5073508620262146
    ],
    [
      0.72539222240448,
      0.6978386044502258
    ],
    [
      0.5570140480995178,
      0.6527633666992188
    ],
    [
      0.5069863200187683,
      0.7190012335777283
    ],
    [
      0.7089035511016846,
      0.871366024017334
    ],
    [
      0.5900930166244507,
      1.0007845163345337
    ],
    [
      0.5879111886024475,
      0.8221588730812073
    ],
    [
      0.5823255181312561,
      1.0693566799163818
    ],
    [
      0.7572170495986938,
      1.176517367362976
    ],
    [
      0.8722275495529175,
      1.1535273790359497
    ],
    [
      0.7520264387130737,
      1.2517858743667603
    ],
    [
      1.0540618896484375,
      1.5828076601028442
    ],
    [
      0.9081913828849792,
      1.8227498531341553
    ],
    [
      0.9709649085998535,
      2.158026695251465
    ],
    [
      1.30400812625885,
      2.1460371017456055
    ],
    [
      1.1839526891708374,
      2.372290849685669
    ],
    [
      1.2068735361099243,
      2.5883593559265137
    ],
    [
      1.4928805828094482,
      3.033064126968384
    ],
    [
      1.5228606462478638,
      2.8802640438079834
    ],
    [
      1.5710117816925049,
      2.9202163219451904
    ],
    [
      1.3788988590240479,
      2.97918963432312
    ],
    [
      1.6962890625,
      3.368901491165161
    ],
    [
      1.8174721002578735,
      3.3734984397888184
    ],
    [
      1.7015708684921265,
      3.572427272796631
    ],
    [
      1.8586537837982178,
      3.5266075134277344
    ],
    [
      2.1575121879577637,
      3.795543670654297
    ],
    [
      1.738032341003418,
      4.169091701507568
    ],
    [
      2.2311601638793945,
      4.343020915985107
    ]
  ],
  "actions": [
    [
      1.5163038969039917,
      -1.7554569244384766
    ],
    [
      -1.7712324857711792,
      -0.9983993172645569
    ],
    [
      0.6708556413650513,
      -0.23621022701263428
    ],
    [
      1.4814331531524658,
      0.6185393333435059
    ],
    [
      -1.2065746784210205,
      -0.7749801874160767
    ],
    [
      1.7756714820861816,
      -0.7998579144477844
    ],
    [
      0.45622944831848145,
      -0.5484017133712769
    ],
    [
      0.25427937507629395,
      -0.6949735879898071
    ],
    [
      0.15365630388259888,
      -0.08178156614303589
    ],
    [
      -0.7768946290016174,
      -0.14116480946540833
    ],
    [
      0.010486513376235962,
      1.3973712921142578
    ],
    [
      1.1184861660003662,
      1.583619475364685
    ],
    [
      -1.2628859281539917,
      1.7180721759796143
    ],
    [
      -0.27002865076065063,
      0.4791865944862366
    ],
    [
      -1.6627421379089355,
      0.959962010383606
    ],
    [
      0.955256462097168,
      -0.6792847514152527
    ],
    [
      2.6930205821990967,
      1.6690725088119507
    ],
    [
      0.6001876592636108,
      0.26438069343566895
    ],
    [
      -0.4411587119102478,
      1.109688639640808
    ],
    [
      0.7848771810531616,
      1.8480886220932007
    ],
    [
      -2.187668800354004,
      0.10108029842376709
    ],
    [
      1.9143213033676147,
      0.7183249592781067
    ],
    [
      -0.08457940816879272,
      2.145308494567871
    ],
    [
      -1.7228888273239136,
      1.1407383680343628
    ],
    [
      -0.09621584415435791,
      0.039891600608825684
    ],
    [
      0.083142951130867,
      2.1074411869049072
    ],
    [
      0.06142294406890869,
      0.7743037343025208
    ],
    [
      1.2144042253494263,
      0.7195240259170532
    ],
    [
      -1.19599187374115,
      0.4932822585105896
    ],
    [
      2.0334391593933105,
      1.8967070579528809
    ],
    [
      -0.0046509504318237305,
      -0.39678096771240234
    ],
    [
      -0.5797981023788452,
      0.5528897643089294
    ],
    [
      1.3266525268554688,
      0.6617982983589172
    ],
    [
      0.9645810127258301,
      2.2798938751220703
    ],
    [
      0.4105854630470276,
      2.61484956741333
    ],
    [
      0.7591985464096069,
      2.9369990825653076
    ],
    [
      0.45959043502807617,
      2.277620315551758
    ],
    [
      0.8422847390174866,
      2.069376230239868
    ],
    [
      1.4034868478775024,
      2.791736125946045
    ],
    [
      2.621340751647949,
      1.1207621097564697
    ],
    [
      0.14625757932662964,
      0.08824265003204346
    ],
    [
      0.039525240659713745,
      1.1371183395385742
    ],
    [
      -1.0148627758026123,
      1.0831873416900635
    ],
    [
      0.7205393314361572,
      1.128377914428711
    ],
    [
      2.007862091064453,
      1.5957980155944824
    ],
    [
      0.36701735854148865,
      0.9752169847488403
    ],
    [
      0.5203703045845032,
      1.6541475057601929
    ],
    [
      2.2212274074554443,
      1.6959670782089233
    ],
    [
      -0.7011305689811707,
      2.0492889881134033
    ],
    [
      1.0293090343475342,
      2.8931589126586914
    ]
  ],