{
  "steps": 50,
  "total_vfe": 179.5722028966993,
  "total_efe": 567.478458404541,
  "done": false,
  "observations": [
    [
      0.0813896656036377,
      0.06850040704011917
    ],
    [
      0.08764496445655823,
      0.018097922205924988
    ],
    [
      0.1114305928349495,
      -0.23160162568092346
    ],
    [
      0.08912371098995209,
      -0.30720317363739014
    ],
    [
      0.3331567347049713,
      -0.048525117337703705
    ],
    [
      0.1870560348033905,
      0.18269000947475433
    ],
    [
      0.505837619304657,
      0.17376777529716492
    ],
    [
      0.4304862320423126,
      0.3652964234352112
    ],
    [
      0.46923792362213135,
      0.19611075520515442
    ],
    [
      0.3843032717704773,
      0.35471031069755554
    ],
    [
      0.5634893178939819,
      0.6104767322540283
    ],
    [
      0.3737730383872986,
      0.451995313167572
    ],
    [
      0.6413758993148804,
      0.4762611389160156
    ],
    [
      0.7868975400924683,
      0.888725757598877
    ],
    [
      0.5261831283569336,
      0.9236528873443604
    ],
    [
      0.44318607449531555,
      1.0037322044372559
    ],
    [
      0.47216999530792236,
      1.3840861320495605
    ],
    [
      0.1633903980255127,
      1.3070844411849976
    ],
    [
      0.060608603060245514,
      1.4098074436187744
    ],
    [
      0.07528312504291534,
      1.6014175415039062
    ],
    [
      0.23591946065425873,
      1.7685495615005493
    ],
    [
      0.15251284837722778,
      1.8807724714279175
    ],
    [
      0.3704008162021637,
      1.936728596687317
    ],
    [
      0.37451985478401184,
      1.8511987924575806
    ],
    [
      0.48304039239883423,
      1.8636128902435303
    ],
    [
      0.7241591215133667,
      1.8552616834640503
    ],
    [
      0.3722376823425293,
      2.1652207374572754
    ],
    [
      0.7324591279029846,
      2.2108242511749268
    ],
    [
      0.63029944896698,
      2.3724000453948975
    ],
    [
      0.6399432420730591,
      2.5121655464172363
    ],
    [
      0.5035904049873352,
      2.7067015171051025
    ],
    [
      0.5504475235939026,
      2.708582639694214
    ],
    [
      0.7887928485870361,
      3.139768123626709
    ],
    [
      0.9760887026786804,
      3.185025691986084
    ],
    [
      0.7673811316490173,
      3.1782162189483643
    ],
    [
      0.7079716920852661,
      3.39662504196167
    ],
    [
      0.8301950097084045,
      3.603086471557617
    ],
    [
      0.866230845451355,
      3.729487895965576
    ],
    [
      1.140382170677185,
      3.8291542530059814
    ],
    [
      1.1600878238677979,
      4.059685230255127
    ],
    [
      0.9427584409713745,
      4.2626237869262695
    ],
    [
      1.2251769304275513,
      4.233591556549072
    ],
    [
      1.0108708143234253,
      4.594625473022461
    ],
    [
      1.1940830945968628,
      4.599715709686279
    ],
    [
      1.1399633884429932,
      4.893135070800781
    ],
    [
      1.4868851900100708,
      4.869929313659668
    ],
    [
      1.3671671152114868,
      5.205507278442383
    ],
    [
      1.6229267120361328,
      5.3497443199157715
    ],
    [
      1.6037589311599731,
      5.769541263580322
    ],
    [
      1.753054141998291,
      5.702139854431152
    ]
  ],
  "actions": [
    [
      1.4400736093521118,
      -1.077373743057251
    ],
    [
      0.9368810057640076,
      -1.1644150018692017
    ],
    [
      0.33227312564849854,
      0.09891222417354584
    ],
    [
      1.0347416400909424,
      -0.6505148410797119
    ],
    [
      0.9782792925834656,
      1.0222430229187012
    ],
    [
      -0.25568389892578125,
      2.0462069511413574
    ],
    [
      1.2966835498809814,
      -0.6563639640808105
    ],
    [
      -0.0015228614211082458,
      1.5864297151565552
    ],
    [
      -0.2069285660982132,
      -0.3620091676712036
    ],
    [
      -0.8735867738723755,
      2.3975629806518555
    ],
    [
      1.6542725563049316,
      1.1252384185791016
    ],
    [
      0.7854313850402832,
      0.7086305618286133
    ],
    [
      0.7865526080131531,
      -0.4353615641593933
    ],
    [
      -0.5686567425727844,
      2.8525452613830566
    ],
    [
      -1.4202851057052612,
      1.5138564109802246
    ],
    [
      1.24857759475708,
      0.2890997529029846
    ],
    [
      -1.5986261367797852,
      2.45306658744812
    ],
    [
      -1.938673973083496,
      0.3149985074996948
    ],
    [
      -0.5881656408309937,
      0.33622032403945923
    ],
    [
      -0.5284568071365356,
      2.0774481296539307
    ],
    [
      1.4448049068450928,
      0.10017329454421997
    ],
    [
      0.004264116287231445,
      1.0264756679534912
    ],
    [
      1.4625139236450195,
      1.5255287885665894
    ],
    [
      0.05080781877040863,
      0.3392465114593506
    ],
    [
      1.7635196447372437,
      0.6144568920135498
    ],
    [
      0.31804630160331726,
      2.556330680847168
    ],
    [
      -1.3711494207382202,
      0.21550536155700684
    ],
    [
      2.534010410308838,
      1.0047811269760132
    ],
    [
      -1.7126166820526123,
      1.1465253829956055
    ],
    [
      0.19374190270900726,
      0.762243390083313
    ],
    [
      1.3440465927124023,
      2.3766720294952393
    ],
    [
      0.03763490915298462,
      0.8447279930114746
    ],
    [
      0.7740843892097473,
      1.9226009845733643
    ],
    [
      -0.5281070470809937,
      1.8363587856292725
    ],
    [
      0.7017766237258911,
      0.5808714032173157
    ],
    [
      -0.0024346113204956055,
      2.154813766479492
    ],
    [
      0.16551515460014343,
      1.4522665739059448
    ],
    [
      1.042241096496582,
      0.867124080657959
    ],
    [
      1.516755223274231,
      1.5887255668640137
    ],
    [
      0.25712937116622925,
      1.324174165725708
    ],
    [
      0.07805627584457397,
      2.1616995334625244
    ],
    [
      0.5674907565116882,
      0.8259017467498779
    ],
    [
      -0.1517728865146637,
      1.9075936079025269
    ],
    [
      0.22800213098526,
      0.6993850469589233
    ],
    [
      0.8770546913146973,
      1.9900742769241333
    ],
    [
      1.8720780611038208,
      3.509614944458008
    ],
    [
      -0.5855997800827026,
      2.285858154296875
    ],
    [
      2.0245141983032227,
      2.422806739807129
    ],
    [
      0.3518717288970947,
      1.5123203992843628
    ],
    [
      -0.15851864218711853,
      2.0612967014312744
    ]
  ],