{
  "steps": 9,
  "total_vfe": 3.8235935270786285,
  "total_efe": 20.83184051513672,
  "done": true,
  "observations": [
    [
      0.800000011920929,
      0.4000000059604645
    ],
    [
      0.800000011920929,
      0.6000000238418579
    ],
    [
      0.800000011920929,
      0.6000000238418579
    ],
    [
      0.6000000238418579,
      0.4000000059604645
    ],
    [
      0.800000011920929,
      0.4000000059604645
    ],
    [
      0.800000011920929,
      0.6000000238418579
    ],
    [
      0.800000011920929,
      0.6000000238418579
    ],
    [
      0.6000000238418579,
      0.800000011920929
    ],
    [
      0.800000011920929,
      0.800000011920929
    ]
  ],
  "actions": [
    [
      0.9483002424240112,
      0.8388084173202515
    ],
    [
      -0.46363335847854614,
      0.6818922162055969
    ],
    [
      -0.46118924021720886,
      -0.22524242103099823
    ],
    [
      -0.7701455354690552,
      -0.668674111366272
    ],
    [
      0.9131957292556763,
      -0.01695951819419861
    ],
    [
      -0.0023364871740341187,
      0.5122649669647217
    ],
    [
      1.87056303024292,
      -0.11807918548583984
    ],
    [
      -1.3283966779708862,
      0.5907480716705322
    ],
    [
      1.7767162322998047,
      1.2476301193237305
    ]
  ],
  "beliefs": [
    [
      0.010904495604336262,
      -0.02665066160261631,
      -0.029061414301395416,
      -0.008249098435044289,
      -0.0008589720819145441,
      -0.0052902307361364365,
      0.03863360360264778,
      -0.05069316178560257
    ],
    [
      0.037693917751312256,
      -0.022266332060098648,
      -0.03323108330368996,
      0.0001363207120448351,
      -7.968943100422621e-05,
      0.0016490775160491467,
      0.05521058291196823,
      -0.07938029617071152
    ],
    [
      0.06928183883428574,
      0.0036386039573699236,
      -0.017791427671909332,
      0.018237173557281494,
      0.0017383038066327572,
      0.015750756487250328,
      0.05111982673406601,
      -0.0844370648264885
    ],
    [
      0.08220555633306503,
      0.013193207792937756,
      -0.012287689372897148,
      0.025249863043427467,
      0.0025374137330800295,
      0.02140757627785206,
      0.05043019354343414,
      -0.08763875812292099
    ],
    [
      0.06674040853977203,
      0.0031827869825065136,
      -0.017214033752679825,
      0.0175881739705801,
      0.0018598404712975025,
      0.015349909663200378,
      0.0493629090487957,
      -0.08137673884630203
    ],
    [
      0.06125041842460632,
      -0.010939632542431355,
      -0.029329553246498108,
      0.010824432596564293,
      0.0012642578221857548,
      0.010243548080325127,
      0.06103579327464104,
      -0.093778096139431
    ],
    [
      0.07926420867443085,
      0.007945597171783447,
      -0.016554513946175575,
      0.02271266281604767,
      0.0024026338942348957,
      0.019381362944841385,
      0.054105181246995926,
      -0.09108763188123703
    ],
    [
      0.08645317703485489,
      0.01483878679573536,
      -0.011920182965695858,
      0.027148211374878883,
      0.0028643507976084948,
      0.022952718660235405,
      0.051899153739213943,
      -0.09067585319280624
    ],
    [
      0.10819823294878006,
      0.05158966779708862,
      0.01746278442442417,
      0.046478308737277985,
      0.004510139115154743,
      0.03812900185585022,
      0.02737090177834034,
      -0.0676865205168724
    ]
  ],
  "avg_vfe": 0.4248437252309587,
  "avg_efe": 2.3146489461263022
}