{
  "steps": 4,
  "total_vfe": 2.0470552146434784,
  "total_efe": 9.261422157287598,
  "done": true,
  "observations": [
    [
      0.800000011920929,
      0.6000000238418579
    ],
    [
      0.800000011920929,
      0.4000000059604645
    ],
    [
      0.800000011920929,
      0.6000000238418579
    ],
    [
      0.800000011920929,
      0.800000011920929
    ]
  ],
  "actions": [
    [
      -0.28118985891342163,
      -1.099592924118042
    ],
    [
      0.44688576459884644,
      -1.481502890586853
    ],
    [
      0.26823315024375916,
      1.3134574890136719
    ],
    [
      1.222166657447815,
      0.7935215830802917
    ]
  ],
  "beliefs": [
    [
      0.07134990394115448,
      0.03469162806868553,
      0.012315293774008751,
      0.029982417821884155,
      0.002459026873111725,
      0.024980083107948303,
      0.01693209819495678,
      -0.04364472255110741
    ],
    [
      0.08174791932106018,
      0.024091720581054688,
      -0.0009489783551543951,
      0.0285422932356596,
      0.0025873330887407064,
      0.024457570165395737,
      0.03698480874300003,
      -0.07133334130048752
    ],
    [
      0.06698856502771378,
      -0.003366995370015502,
      -0.02331840991973877,
      0.014692927710711956,
      0.0015348769957199693,
      0.013650504872202873,
      0.05654779449105263,
      -0.09030841290950775
    ],
    [
      0.08147252351045609,
      0.010674410499632359,
      -0.01432727836072445,
      0.024054065346717834,
      0.0024943193420767784,
      0.020678479224443436,
      0.05248838663101196,
      -0.0899004265666008
    ]
  ],
  "avg_vfe": 0.5117638036608696,
  "avg_efe": 2.3153555393218994
}