{
  "steps": 26,
  "total_vfe": 8.639903079718351,
  "total_efe": 59.769352436065674,
  "done": true,
  "observations": [
    [
      0.800000011920929,
      0.0
    ],
    [
      0.800000011920929,
      0.0
    ],
    [
      0.800000011920929,
      0.20000000298023224
    ],
    [
      0.800000011920929,
      0.20000000298023224
    ],
    [
      0.800000011920929,
      0.20000000298023224
    ],
    [
      0.800000011920929,
      0.0
    ],
    [
      0.800000011920929,
      0.20000000298023224
    ],
    [
      0.800000011920929,
      0.0
    ],
    [
      0.800000011920929,
      0.0
    ],
    [
      0.800000011920929,
      0.0
    ],
    [
      0.800000011920929,
      0.0
    ],
    [
      0.800000011920929,
      0.20000000298023224
    ],
    [
      0.800000011920929,
      0.4000000059604645
    ],
    [
      0.6000000238418579,
      0.4000000059604645
    ],
    [
      0.6000000238418579,
      0.20000000298023224
    ],
    [
      0.6000000238418579,
      0.20000000298023224
    ],
    [
      0.4000000059604645,
      0.0
    ],
    [
      0.20000000298023224,
      0.20000000298023224
    ],
    [
      0.4000000059604645,
      0.4000000059604645
    ],
    [
      0.6000000238418579,
      0.4000000059604645
    ],
    [
      0.4000000059604645,
      0.6000000238418579
    ],
    [
      0.4000000059604645,
      0.800000011920929
    ],
    [
      0.6000000238418579,
      0.800000011920929
    ],
    [
      0.6000000238418579,
      0.800000011920929
    ],
    [
      0.6000000238418579,
      0.800000011920929
    ],
    [
      0.800000011920929,
      0.800000011920929
    ]
  ],
  "actions": [
    [
      0.7897876501083374,
      -0.416998952627182
    ],
    [
      0.34124815464019775,
      -0.40117505192756653
    ],
    [
      -0.184194415807724,
      0.9565639495849609
    ],
    [
      0.5801849365234375,
      0.2483341246843338
    ],
    [
      -0.13739867508411407,
      -0.1515083611011505
    ],
    [
      -0.2273196578025818,
      -0.6880661249160767
    ],
    [
      0.6725693345069885,
      1.8821680545806885
    ],
    [
      -0.028735265135765076,
      -1.2111730575561523
    ],
    [
      -0.3653755187988281,
      0.19741180539131165
    ],
    [
      1.0225989818572998,
      -1.1947383880615234
    ],
    [
      0.2439921796321869,
      -0.17859524488449097
    ],
    [
      1.1631630659103394,
      1.5574225187301636
    ],
    [
      0.8403071761131287,
      2.102484703063965
    ],
    [
      -0.9928876161575317,
      -0.15421831607818604
    ],
    [
      0.08916176855564117,
      -1.0309326648712158
    ],
    [
      0.07746095955371857,
      -0.3165357708930969
    ],
    [
      -0.8957607746124268,
      -0.9972227811813354
    ],
    [
      -1.5314451456069946,
      1.2283079624176025
    ],
    [
      0.8935684561729431,
      0.6137644052505493
    ],
    [
      1.6068503856658936,
      0.13573038578033447
    ],
    [
      -0.83969646692276,
      0.5187545418739319
    ],
    [
      -0.042282819747924805,
      2.475449562072754
    ],
    [
      1.1401196718215942,
      1.4685628414154053
    ],
    [
      -0.23794245719909668,
      0.7473781108856201
    ],
    [
      -0.10134166479110718,
      0.713792622089386
    ],
    [
      1.6046931743621826,
      0.5858883857727051
    ]
  ],
  "beliefs": [
    [
      -0.008038012310862541,
      -0.061038848012685776,
      -0.056713398545980453,
      -0.02630060352385044,
      -0.002580184955149889,
      -0.018804749473929405,
      0.06255276501178741,
      -0.07355047017335892
    ],
    [
      -0.008686402812600136,
      -0.08266010880470276,
      -0.07801833003759384,
      -0.034615594893693924,
      -0.0036056041717529297,
      -0.02454964630305767,
      0.08691862970590591,
      -0.1024617999792099
    ],
    [
      -0.007904773578047752,
      -0.09025246649980545,
      -0.08606982976198196,
      -0.037042129784822464,
      -0.004001392517238855,
      -0.026128998026251793,
      0.096458300948143,
      -0.11391075700521469
    ],
    [
      0.012489858083426952,
      -0.06886901706457138,
      -0.07185207307338715,
      -0.023348713293671608,
      -0.0026043150573968887,
      -0.016011079773306847,
      0.08882957696914673,
      -0.1112654060125351
    ],
    [
      0.020597264170646667,
      -0.06103523075580597,
      -0.06671573966741562,
      -0.018183192238211632,
      -0.001991654047742486,
      -0.012173152528703213,
      0.08644290268421173,
      -0.11102139204740524
    ],
    [
      0.02385016158223152,
      -0.058159440755844116,
      -0.0648631602525711,
      -0.01621529646217823,
      -0.001719463150948286,
      -0.010704410262405872,
      0.08574280142784119,
      -0.11124403774738312
    ],
    [
      0.00545943807810545,
      -0.081124447286129,
      -0.08148663491010666,
      -0.029748460277915,
      -0.003107604570686817,
      -0.020705845206975937,
      0.09696665406227112,
      -0.11873584985733032
    ],
    [
      0.01803169772028923,
      -0.06545866280794144,
      -0.07027492672204971,
      -0.02042027749121189,
      -0.002187303500249982,
      -0.013834858313202858,
      0.08943048119544983,
      -0.11371949315071106
    ],
    [
      0.0032145241275429726,
      -0.08378008008003235,
      -0.08347243815660477,
      -0.031286727637052536,
      -0.003316669724881649,
      -0.021834228187799454,
      0.09824690967798233,
      -0.11948110163211823
    ],
    [
      -0.0025164783000946045,
      -0.09045213460922241,
      -0.08829282969236374,
      -0.03528952971100807,
      -0.0038220309652388096,
      -0.024732911959290504,
      0.10126565396785736,
      -0.12115711718797684
    ],
    [
      -0.004751754458993673,
      -0.09288333356380463,
      -0.09005545824766159,
      -0.036770015954971313,
      -0.004048106260597706,
      -0.025784548372030258,
      0.10228026658296585,
      -0.1215856522321701
    ],
    [
      -0.0056316745467484,
      -0.09377026557922363,
      -0.09070087969303131,
      -0.03732085973024368,
      -0.004149322398006916,
      -0.0261670034378767,
      0.10261299461126328,
      -0.12166360765695572
    ],
    [
      0.013674887828528881,
      -0.07006502151489258,
      -0.0736510381102562,
      -0.023215677589178085,
      -0.0026369006372988224,
      -0.015857968479394913,
      0.09132549166679382,
      -0.11444853246212006
    ],
    [
      0.04092637822031975,
      -0.037424638867378235,
      -0.05013086646795273,
      -0.0037648025900125504,
      -0.0005226665525697172,
      -0.0013826795620843768,
      0.07605940848588943,
      -0.10501637309789658
    ],
    [
      0.05067892000079155,
      -0.015285445377230644,
      -0.031151827424764633,
      0.0070014651864767075,
      0.0006505859200842679,
      0.006695488002151251,
      0.05837607756257057,
      -0.08691801130771637
    ],
    [
      0.034215398132801056,
      -0.031331442296504974,
      -0.0413648895919323,
      -0.0035486933775246143,
      -0.0002903139393310994,
      -0.0012891448568552732,
      0.06308700889348984,
      -0.08745003491640091
    ],
    [
      0.027616146951913834,
      -0.03727170452475548,
      -0.04504537209868431,
      -0.007591382134705782,
      -0.0006966421497054398,
      -0.004369860049337149,
      0.06449019908905029,
      -0.08705836534500122
    ],
    [
      0.004298458807170391,
      -0.0532657690346241,
      -0.05329611897468567,
      -0.019699521362781525,
      -0.0019055278971791267,
      -0.01370044331997633,
      0.06388132274150848,
      -0.07877252995967865
    ],
    [
      0.013543367385864258,
      -0.024860145524144173,
      -0.02849235199391842,
      -0.006421207915991545,
      -0.0006685499683953822,
      -0.00400648545473814,
      0.03907531499862671,
      -0.05176340416073799
    ],
    [
      0.0370156355202198,
      -0.0008732301648706198,
      -0.012282398529350758,
